{
  "database": "qdrant",
  "config": {
    "corpus_path": "Data/test_corpus/documents",
    "test_cases_path": "Data/test_corpus/test_cases.json",
    "output_dir": "results/qdrant_large_corpus_real_embeddings",
    "qdrant_config": {
      "host": "localhost",
      "port": 6333,
      "collection_name": "benchmark_test"
    },
    "embedding_model": "sentence-transformers/all-MiniLM-L6-v2",
    "embedding_type": "sentence-transformers",
    "chunk_size": 512,
    "chunk_overlap": 50,
    "chunk_strategy": "fixed",
    "top_k_values": [
      1,
      3,
      5,
      10,
      20
    ],
    "batch_size": 100
  },
  "timestamp": "2025-12-11 22:31:46",
  "ingestion": {
    "total_time_sec": 1.5224499702453613,
    "num_documents": 20,
    "num_chunks": 175,
    "parsing_time_sec": 0.0003941059112548828,
    "embedding_time_sec": 0.8539230823516846,
    "insertion_time_sec": 0.18594622611999512
  },
  "query_results": [
    {
      "top_k": 1,
      "num_queries": 10,
      "avg_latency_ms": 33.844971656799316,
      "p50_latency_ms": 32.90200233459473,
      "p95_latency_ms": 96.54688835144043,
      "p99_latency_ms": 96.54688835144043,
      "min_latency_ms": 10.751962661743164,
      "max_latency_ms": 96.54688835144043,
      "queries_per_second": 29.54648655464612,
      "avg_similarity": 0.731695487,
      "avg_top1_similarity": 0.731695487,
      "min_similarity": 0.731695487,
      "recall_at_1": 0.0,
      "precision_at_1": 0.0,
      "mrr": 0.0,
      "resource_metrics": {
        "duration": 0.0,
        "cpu": {
          "avg": 25.1,
          "max": 25.1,
          "min": 25.1
        },
        "memory": {
          "avg_mb": 3705.375,
          "max_mb": 3705.375,
          "min_mb": 3705.375
        },
        "disk": {
          "read_total_mb": 0.234375,
          "write_total_mb": 0.0
        },
        "network": {
          "sent_total_mb": 0.0,
          "recv_total_mb": 0.0
        }
      },
      "ingestion_resource_metrics": {
        "duration": 1.008512020111084,
        "cpu": {
          "avg": 17.066666666666666,
          "max": 31.0,
          "min": 0.0
        },
        "memory": {
          "avg_mb": 3612.3489583333335,
          "max_mb": 3703.9375,
          "min_mb": 3531.84375
        },
        "disk": {
          "read_total_mb": 111.51953125,
          "write_total_mb": 215.61328125
        },
        "network": {
          "sent_total_mb": 1.4878463745117188,
          "recv_total_mb": 1.4878578186035156
        }
      }
    },
    {
      "top_k": 3,
      "num_queries": 10,
      "avg_latency_ms": 13.08276653289795,
      "p50_latency_ms": 13.275861740112305,
      "p95_latency_ms": 16.067028045654297,
      "p99_latency_ms": 16.067028045654297,
      "min_latency_ms": 10.569095611572266,
      "max_latency_ms": 16.067028045654297,
      "queries_per_second": 76.43643242317273,
      "avg_similarity": 0.6881673023333332,
      "avg_top1_similarity": 0.731695487,
      "min_similarity": 0.652765481,
      "recall_at_3": 0.0,
      "precision_at_3": 0.0,
      "mrr": 0.0,
      "resource_metrics": {
        "duration": 0.0,
        "cpu": {
          "avg": 35.4,
          "max": 35.4,
          "min": 35.4
        },
        "memory": {
          "avg_mb": 3682.296875,
          "max_mb": 3682.296875,
          "min_mb": 3682.296875
        },
        "disk": {
          "read_total_mb": 0.078125,
          "write_total_mb": 0.0
        },
        "network": {
          "sent_total_mb": 0.0,
          "recv_total_mb": 0.0
        }
      },
      "ingestion_resource_metrics": {
        "duration": 1.008512020111084,
        "cpu": {
          "avg": 17.066666666666666,
          "max": 31.0,
          "min": 0.0
        },
        "memory": {
          "avg_mb": 3612.3489583333335,
          "max_mb": 3703.9375,
          "min_mb": 3531.84375
        },
        "disk": {
          "read_total_mb": 111.51953125,
          "write_total_mb": 215.61328125
        },
        "network": {
          "sent_total_mb": 1.4878463745117188,
          "recv_total_mb": 1.4878578186035156
        }
      }
    },
    {
      "top_k": 5,
      "num_queries": 10,
      "avg_latency_ms": 14.514398574829102,
      "p50_latency_ms": 14.899253845214844,
      "p95_latency_ms": 19.04606819152832,
      "p99_latency_ms": 19.04606819152832,
      "min_latency_ms": 11.214017868041992,
      "max_latency_ms": 19.04606819152832,
      "queries_per_second": 68.89710206347799,
      "avg_similarity": 0.6663784184000001,
      "avg_top1_similarity": 0.731695487,
      "min_similarity": 0.6243872109999999,
      "recall_at_5": 0.0,
      "precision_at_5": 0.0,
      "mrr": 0.0,
      "resource_metrics": {
        "duration": 0.0,
        "cpu": {
          "avg": 38.9,
          "max": 38.9,
          "min": 38.9
        },
        "memory": {
          "avg_mb": 3668.21875,
          "max_mb": 3668.21875,
          "min_mb": 3668.21875
        },
        "disk": {
          "read_total_mb": 0.15625,
          "write_total_mb": 0.0
        },
        "network": {
          "sent_total_mb": 0.0,
          "recv_total_mb": 0.0
        }
      },
      "ingestion_resource_metrics": {
        "duration": 1.008512020111084,
        "cpu": {
          "avg": 17.066666666666666,
          "max": 31.0,
          "min": 0.0
        },
        "memory": {
          "avg_mb": 3612.3489583333335,
          "max_mb": 3703.9375,
          "min_mb": 3531.84375
        },
        "disk": {
          "read_total_mb": 111.51953125,
          "write_total_mb": 215.61328125
        },
        "network": {
          "sent_total_mb": 1.4878463745117188,
          "recv_total_mb": 1.4878578186035156
        }
      }
    },
    {
      "top_k": 10,
      "num_queries": 10,
      "avg_latency_ms": 18.236804008483887,
      "p50_latency_ms": 17.33994483947754,
      "p95_latency_ms": 31.171798706054688,
      "p99_latency_ms": 31.171798706054688,
      "min_latency_ms": 14.37997817993164,
      "max_latency_ms": 31.171798706054688,
      "queries_per_second": 54.83416938268312,
      "avg_similarity": 0.6292959051,
      "avg_top1_similarity": 0.731695487,
      "min_similarity": 0.573929684,
      "recall_at_10": 0.0,
      "precision_at_10": 0.0,
      "mrr": 0.0,
      "resource_metrics": {
        "duration": 0.0,
        "cpu": {
          "avg": 43.5,
          "max": 43.5,
          "min": 43.5
        },
        "memory": {
          "avg_mb": 3680.28125,
          "max_mb": 3680.28125,
          "min_mb": 3680.28125
        },
        "disk": {
          "read_total_mb": 0.2109375,
          "write_total_mb": 0.0
        },
        "network": {
          "sent_total_mb": 0.0,
          "recv_total_mb": 0.0
        }
      },
      "ingestion_resource_metrics": {
        "duration": 1.008512020111084,
        "cpu": {
          "avg": 17.066666666666666,
          "max": 31.0,
          "min": 0.0
        },
        "memory": {
          "avg_mb": 3612.3489583333335,
          "max_mb": 3703.9375,
          "min_mb": 3531.84375
        },
        "disk": {
          "read_total_mb": 111.51953125,
          "write_total_mb": 215.61328125
        },
        "network": {
          "sent_total_mb": 1.4878463745117188,
          "recv_total_mb": 1.4878578186035156
        }
      }
    },
    {
      "top_k": 20,
      "num_queries": 10,
      "avg_latency_ms": 17.215800285339355,
      "p50_latency_ms": 17.279863357543945,
      "p95_latency_ms": 22.77994155883789,
      "p99_latency_ms": 22.77994155883789,
      "min_latency_ms": 14.724254608154297,
      "max_latency_ms": 22.77994155883789,
      "queries_per_second": 58.086175688944344,
      "avg_similarity": 0.57402389705,
      "avg_top1_similarity": 0.731695487,
      "min_similarity": 0.493848192,
      "recall_at_20": 0.0,
      "precision_at_20": 0.0,
      "mrr": 0.0,
      "resource_metrics": {
        "duration": 0.0,
        "cpu": {
          "avg": 39.2,
          "max": 39.2,