{
  "config": {
    "corpus_path": "Data/test_corpus/documents",
    "output_dir": "results/weaviate_ingestion_experiment_001",
    "weaviate_config": {
      "host": "localhost",
      "port": 8082,
      "class_name": "IngestionBenchmark"
    },
    "embedding_model": "sentence-transformers/all-MiniLM-L6-v2",
    "embedding_type": "sentence-transformers",
    "chunk_sizes": [
      256,
      512,
      1024
    ],
    "batch_sizes": [
      50,
      100
    ],
    "doc_counts": [
      10,
      20
    ],
    "chunk_overlap": 50,
    "chunk_strategy": "fixed",
    "n_runs": 1
  },
  "timestamp": "2025-11-25 18:46:56",
  "total_experiments": 12,
  "raw_results": [
    {
      "run": 1,
      "chunk_size": 256,
      "batch_size": 50,
      "num_docs": 10,
      "num_chunks": 153,
      "total_size_bytes": 30497,
      "parsing_time": 0.00018286705017089844,
      "embedding_time": 0.3280472755432129,
      "insertion_time": 1.1404669284820557,
      "total_time": 1.5207250118255615,
      "chunks_per_second": 100.60990567672089,
      "bytes_per_second": 20054.250283810175,
      "docs_per_second": 6.575810828543849
    },
    {
      "run": 1,
      "chunk_size": 256,
      "batch_size": 50,
      "num_docs": 20,
      "num_chunks": 387,
      "total_size_bytes": 78405,
      "parsing_time": 0.0009107589721679688,
      "embedding_time": 0.3071432113647461,
      "insertion_time": 1.158341884613037,
      "total_time": 1.528700828552246,
      "chunks_per_second": 253.15613936476228,
      "bytes_per_second": 51288.64885502374,
      "docs_per_second": 13.083004618333968
    },
    {
      "run": 1,
      "chunk_size": 256,
      "batch_size": 100,
      "num_docs": 10,
      "num_chunks": 153,
      "total_size_bytes": 30497,
      "parsing_time": 0.00027489662170410156,
      "embedding_time": 0.15520787239074707,
      "insertion_time": 1.0833652019500732,
      "total_time": 1.5248150825500488,
      "chunks_per_second": 100.34003581872237,
      "bytes_per_second": 20000.457989304417,
      "docs_per_second": 6.558172275733488
    },
    {
      "run": 1,
      "chunk_size": 256,
      "batch_size": 100,
      "num_docs": 20,
      "num_chunks": 387,
      "total_size_bytes": 78405,
      "parsing_time": 0.0006778240203857422,
      "embedding_time": 0.3078181743621826,
      "insertion_time": 1.160552978515625,
      "total_time": 1.530885934829712,
      "chunks_per_second": 252.79479757128212,
      "bytes_per_second": 51215.442128104325,
      "docs_per_second": 13.064330623838869
    },
    {
      "run": 1,
      "chunk_size": 512,
      "batch_size": 50,
      "num_docs": 10,
      "num_chunks": 153,
      "total_size_bytes": 30497,
      "parsing_time": 0.00023889541625976562,
      "embedding_time": 0.13097023963928223,
      "insertion_time": 1.0994360446929932,
      "total_time": 1.5339851379394531,
      "chunks_per_second": 99.7402101336649,
      "bytes_per_second": 19880.89665651228,
      "docs_per_second": 6.518967982592478
    },
    {
      "run": 1,
      "chunk_size": 512,
      "batch_size": 50,
      "num_docs": 20,
      "num_chunks": 387,
      "total_size_bytes": 78405,
      "parsing_time": 0.0006561279296875,
      "embedding_time": 0.25649404525756836,
      "insertion_time": 1.1670691967010498,
      "total_time": 1.5330140590667725,
      "chunks_per_second": 252.4438688028651,
      "bytes_per_second": 51144.34504777426,
      "docs_per_second": 13.046194770173907
    },
    {
      "run": 1,
      "chunk_size": 512,
      "batch_size": 100,
      "num_docs": 10,
      "num_chunks": 153,
      "total_size_bytes": 30497,
      "parsing_time": 0.0002770423889160156,
      "embedding_time": 0.11544394493103027,
      "insertion_time": 1.0941617488861084,
      "total_time": 1.5280702114105225,
      "chunks_per_second": 100.12628926178047,
      "bytes_per_second": 19957.852572656986,
      "docs_per_second": 6.544201912534671
    },
    {
      "run": 1,
      "chunk_size": 512,
      "batch_size": 100,
      "num_docs": 20,
      "num_chunks": 387,
      "total_size_bytes": 78405,
      "parsing_time": 0.0006680488586425781,
      "embedding_time": 0.2626359462738037,
      "insertion_time": 1.1365537643432617,
      "total_time": 1.528536081314087,
      "chunks_per_second": 253.18342480165398,
      "bytes_per_second": 51294.17679993199,
      "docs_per_second": 13.08441471843173
    },
    {
      "run": 1,
      "chunk_size": 1024,
      "batch_size": 50,
      "num_docs": 10,
      "num_chunks": 153,
      "total_size_bytes": 30497,
      "parsing_time": 0.0002849102020263672,
      "embedding_time": 0.1328139305114746,
      "insertion_time": 1.098073959350586,
      "total_time": 1.5217351913452148,
      "chunks_per_second": 100.54311740319805,
      "bytes_per_second": 20040.937591145957,
      "docs_per_second": 6.57144558190837
    },
    {
      "run": 1,
      "chunk_size": 1024,
      "batch_size": 50,
      "num_docs": 20,
      "num_chunks": 387,
      "total_size_bytes": 78405,
      "parsing_time": 0.0006561279296875,
      "embedding_time": 0.26309800148010254,
      "insertion_time": 1.1356861591339111,
      "total_time": 1.5130209922790527,
      "chunks_per_second": 255.7796633191881,
      "bytes_per_second": 51820.16667323241,
      "docs_per_second": 13.218587251637627
    },
    {
      "run": 1,
      "chunk_size": 1024,
      "batch_size": 100,
      "num_docs": 10,
      "num_chunks": 153,
      "total_size_bytes": 30497,
      "parsing_time": 0.0003249645233154297,
      "embedding_time": 0.1208658218383789,
      "insertion_time": 1.092839002609253,
      "total_time": 1.5204792022705078,
      "chunks_per_second": 100.6261708621384,
      "bytes_per_second": 20057.49237112833,
      "docs_per_second": 6.576873912558065
    },
    {
      "run": 1,
      "chunk_size": 1024,
      "batch_size": 100,
      "num_docs": 20,
      "num_chunks": 387,
      "total_size_bytes": 78405,
      "parsing_time": 0.0006659030914306641,
      "embedding_time": 0.26961421966552734,
      "insertion_time": 1.1536908149719238,
      "total_time": 1.532498836517334,
      "chunks_per_second": 252.52873984522773,
      "bytes_per_second": 51161.539657790905,
      "docs_per_second": 13.050580870554404
    }
  ],
  "aggregated_results": [
    {
      "chunk_size": 256,
      "batch_size": 50,
      "num_docs": 10,
      "num_chunks": 153.0,
      "total_size_bytes": 30497.0,
      "parsing_time": 0.00018286705017089844,
      "embedding_time": 0.3280472755432129,
      "insertion_time": 1.1404669284820557,
      "total_time": 1.5207250118255615,
      "chunks_per_second": 100.60990567672089,
      "bytes_per_second": 20054.250283810175,
      "docs_per_second": 6.575810828543849
    },
    {
      "chunk_size": 256,
      "batch_size": 50,
      "num_docs": 20,
      "num_chunks": 387.0,
      "total_size_bytes": 78405.0,
      "parsing_time": 0.0009107589721679688,
      "embedding_time": 0.3071432113647461,
      "insertion_time": 1.158341884613037,
      "total_time": 1.528700828552246,
      "chunks_per_second": 253.15613936476228,
      "bytes_per_second": 51288.64885502374,
      "docs_per_second": 13.083004618333968
    },
    {
      "chunk_size": 256,
      "batch_size": 100,
      "num_docs": 10,
      "num_chunks": 153.0,
      "total_size_bytes": 30497.0,
      "parsing_time": 0.00027489662170410156,
      "embedding_time": 0.15520787239074707,
      "insertion_time": 1.0833652019500732,
      "total_time": 1.5248150825500488,
      "chunks_per_second": 100.34003581872237,
      "bytes_per_second": 20000.457989304417,
      "docs_per_second": 6.558172275733488
    },
    {
      "chunk_size": 256,
      "batch_size": 100,
      "num_docs": 20,
      "num_chunks": 387.0,
      "total_size_bytes": 78405.0,
      "parsing_time": 0.0006778240203857422,
      "embedding_time": 0.3078181743621826,
      "insertion_time": 1.160552978515625,
      "total_time": 1.530885934829712,