{
  "config": {
    "corpus_path": "Data/test_corpus/documents",
    "output_dir": "results/weaviate_ingestion_experiment_001",
    "weaviate_config": {
      "host": "localhost",
      "port": 8082,
      "class_name": "IngestionBenchmark"
    },
    "embedding_model": "sentence-transformers/all-MiniLM-L6-v2",
    "embedding_type": "sentence-transformers",
    "chunk_sizes": [
      256,
      512,
      1024
    ],
    "batch_sizes": [
      50,
      100
    ],
    "doc_counts": [
      10,
      20
    ],
    "chunk_overlap": 50,
    "chunk_strategy": "fixed",
    "n_runs": 1
  },
  "timestamp": "2025-11-25 09:13:58",
  "total_experiments": 12,
  "raw_results": [
    {
      "run": 1,
      "chunk_size": 256,
      "batch_size": 50,
      "num_docs": 10,
      "num_chunks": 153,
      "total_size_bytes": 30497,
      "parsing_time": 0.00032401084899902344,
      "embedding_time": 0.34955596923828125,
      "insertion_time": 1.1528000831604004,
      "total_time": 1.517707109451294,
      "chunks_per_second": 100.80996461518524,
      "bytes_per_second": 20094.12739130264,
      "docs_per_second": 6.588886576155898
    },
    {
      "run": 1,
      "chunk_size": 256,
      "batch_size": 50,
      "num_docs": 20,
      "num_chunks": 387,
      "total_size_bytes": 78405,
      "parsing_time": 0.0010118484497070312,
      "embedding_time": 0.2804243564605713,
      "insertion_time": 1.149167776107788,
      "total_time": 1.5161340236663818,
      "chunks_per_second": 255.25447879874076,
      "bytes_per_second": 51713.765917868914,
      "docs_per_second": 13.191445932751462
    },
    {
      "run": 1,
      "chunk_size": 256,
      "batch_size": 100,
      "num_docs": 10,
      "num_chunks": 153,
      "total_size_bytes": 30497,
      "parsing_time": 0.0001742839813232422,
      "embedding_time": 0.15147018432617188,
      "insertion_time": 1.1062681674957275,
      "total_time": 1.5178990364074707,
      "chunks_per_second": 100.79721795075183,
      "bytes_per_second": 20091.58663950378,
      "docs_per_second": 6.588053460833453
    },
    {
      "run": 1,
      "chunk_size": 256,
      "batch_size": 100,
      "num_docs": 20,
      "num_chunks": 387,
      "total_size_bytes": 78405,
      "parsing_time": 0.0005891323089599609,
      "embedding_time": 0.3149099349975586,
      "insertion_time": 1.1383249759674072,
      "total_time": 1.5196361541748047,
      "chunks_per_second": 254.66622318560812,
      "bytes_per_second": 51594.58715469665,
      "docs_per_second": 13.16104512587122
    },
    {
      "run": 1,
      "chunk_size": 512,
      "batch_size": 50,
      "num_docs": 10,
      "num_chunks": 153,
      "total_size_bytes": 30497,
      "parsing_time": 0.0003330707550048828,
      "embedding_time": 0.13286614418029785,
      "insertion_time": 1.083644151687622,
      "total_time": 1.5187318325042725,
      "chunks_per_second": 100.74194582970894,
      "bytes_per_second": 20080.56942463159,
      "docs_per_second": 6.584440903902545
    },
    {
      "run": 1,
      "chunk_size": 512,
      "batch_size": 50,
      "num_docs": 20,
      "num_chunks": 387,
      "total_size_bytes": 78405,
      "parsing_time": 0.0006110668182373047,
      "embedding_time": 0.272083044052124,
      "insertion_time": 1.130169153213501,
      "total_time": 1.517615795135498,
      "chunks_per_second": 255.0052531348669,
      "bytes_per_second": 51663.273571160826,
      "docs_per_second": 13.178566053481495
    },
    {
      "run": 1,
      "chunk_size": 512,
      "batch_size": 100,
      "num_docs": 10,
      "num_chunks": 153,
      "total_size_bytes": 30497,
      "parsing_time": 0.00026679039001464844,
      "embedding_time": 0.1238410472869873,
      "insertion_time": 1.0902447700500488,
      "total_time": 1.5265820026397705,
      "chunks_per_second": 100.22389870667406,
      "bytes_per_second": 19977.308750702214,
      "docs_per_second": 6.550581614815298
    },
    {
      "run": 1,
      "chunk_size": 512,
      "batch_size": 100,
      "num_docs": 20,
      "num_chunks": 387,
      "total_size_bytes": 78405,
      "parsing_time": 0.0005710124969482422,
      "embedding_time": 0.27313899993896484,
      "insertion_time": 1.137941837310791,
      "total_time": 1.5165209770202637,
      "chunks_per_second": 255.18934842589317,
      "bytes_per_second": 51700.570706284634,
      "docs_per_second": 13.188080022009983
    },
    {
      "run": 1,
      "chunk_size": 1024,
      "batch_size": 50,
      "num_docs": 10,
      "num_chunks": 153,
      "total_size_bytes": 30497,
      "parsing_time": 0.0003802776336669922,
      "embedding_time": 0.12572312355041504,
      "insertion_time": 1.0833730697631836,
      "total_time": 1.5153567790985107,
      "chunks_per_second": 100.96632166783856,
      "bytes_per_second": 20125.29354185668,
      "docs_per_second": 6.599105991361997
    },
    {
      "run": 1,
      "chunk_size": 1024,
      "batch_size": 50,
      "num_docs": 20,
      "num_chunks": 387,
      "total_size_bytes": 78405,
      "parsing_time": 0.0006473064422607422,
      "embedding_time": 0.26482200622558594,
      "insertion_time": 1.1438379287719727,
      "total_time": 1.5262439250946045,
      "chunks_per_second": 253.56366281753537,
      "bytes_per_second": 51371.21184291695,
      "docs_per_second": 13.104065261888133
    },
    {
      "run": 1,
      "chunk_size": 1024,
      "batch_size": 100,
      "num_docs": 10,
      "num_chunks": 153,
      "total_size_bytes": 30497,
      "parsing_time": 0.0002696514129638672,
      "embedding_time": 0.13474202156066895,
      "insertion_time": 1.108518123626709,
      "total_time": 1.5194101333618164,
      "chunks_per_second": 100.69697222663328,
      "bytes_per_second": 20071.60498036363,
      "docs_per_second": 6.581501452721129
    },
    {
      "run": 1,
      "chunk_size": 1024,
      "batch_size": 100,
      "num_docs": 20,
      "num_chunks": 387,
      "total_size_bytes": 78405,
      "parsing_time": 0.0006608963012695312,
      "embedding_time": 0.26380014419555664,
      "insertion_time": 1.1637132167816162,
      "total_time": 1.5158607959747314,
      "chunks_per_second": 255.30048737169867,
      "bytes_per_second": 51723.08711208794,
      "docs_per_second": 13.193823636780293
    }
  ],
  "aggregated_results": [
    {
      "chunk_size": 256,
      "batch_size": 50,
      "num_docs": 10,
      "num_chunks": 153.0,
      "total_size_bytes": 30497.0,
      "parsing_time": 0.00032401084899902344,
      "embedding_time": 0.34955596923828125,
      "insertion_time": 1.1528000831604004,
      "total_time": 1.517707109451294,
      "chunks_per_second": 100.80996461518524,
      "bytes_per_second": 20094.12739130264,
      "docs_per_second": 6.588886576155898
    },
    {
      "chunk_size": 256,
      "batch_size": 50,
      "num_docs": 20,
      "num_chunks": 387.0,
      "total_size_bytes": 78405.0,
      "parsing_time": 0.0010118484497070312,
      "embedding_time": 0.2804243564605713,
      "insertion_time": 1.149167776107788,
      "total_time": 1.5161340236663818,
      "chunks_per_second": 255.25447879874076,
      "bytes_per_second": 51713.765917868914,
      "docs_per_second": 13.191445932751462
    },
    {
      "chunk_size": 256,
      "batch_size": 100,
      "num_docs": 10,
      "num_chunks": 153.0,
      "total_size_bytes": 30497.0,
      "parsing_time": 0.0001742839813232422,
      "embedding_time": 0.15147018432617188,
      "insertion_time": 1.1062681674957275,
      "total_time": 1.5178990364074707,
      "chunks_per_second": 100.79721795075183,
      "bytes_per_second": 20091.58663950378,
      "docs_per_second": 6.588053460833453
    },
    {
      "chunk_size": 256,
      "batch_size": 100,
      "num_docs": 20,
      "num_chunks": 387.0,
      "total_size_bytes": 78405.0,
      "parsing_time": 0.0005891323089599609,
      "embedding_time": 0.3149099349975586,
      "insertion_time": 1.1383249759674072,
      "total_time": 1.5196361541748047,