{
  "database": "weaviate",
  "config": {
    "corpus_path": "Data/test_corpus/documents",
    "test_cases_path": "Data/test_corpus/test_cases.json",
    "output_dir": "results/weaviate_experiment_001",
    "weaviate_config": {
      "host": "localhost",
      "port": 8080,
      "class_name": "BenchmarkTest"
    },
    "embedding_model": "sentence-transformers/all-MiniLM-L6-v2",
    "embedding_type": "sentence-transformers",
    "chunk_size": 512,
    "chunk_overlap": 50,
    "chunk_strategy": "fixed",
    "top_k_values": [
      1,
      3,
      5,
      10,
      20
    ],
    "batch_size": 100
  },
  "timestamp": "2025-11-03 15:04:12",
  "ingestion": {
    "total_time_sec": 1.5124859809875488,
    "num_documents": 20,
    "num_chunks": 175,
    "parsing_time_sec": 0,
    "embedding_time_sec": 0,
    "insertion_time_sec": 0
  },
  "query_results": [
    {
      "top_k": 1,
      "num_queries": 10,
      "avg_latency_ms": 25.80089569091797,
      "p50_latency_ms": 24.09195899963379,
      "p95_latency_ms": 82.66305923461914,
      "p99_latency_ms": 82.66305923461914,
      "min_latency_ms": 8.61811637878418,
      "max_latency_ms": 82.66305923461914,
      "queries_per_second": 38.758344360579876,
      "avg_similarity": 0.7316955387592315,
      "avg_top1_similarity": 0.7316955387592315,
      "min_similarity": 0.7316955387592315
    },
    {
      "top_k": 3,
      "num_queries": 10,
      "avg_latency_ms": 9.105348587036133,
      "p50_latency_ms": 9.220123291015625,
      "p95_latency_ms": 10.43391227722168,
      "p99_latency_ms": 10.43391227722168,
      "min_latency_ms": 7.892847061157227,
      "max_latency_ms": 10.43391227722168,
      "queries_per_second": 109.82555916901018,
      "avg_similarity": 0.6881673514842988,
      "avg_top1_similarity": 0.7316955387592315,
      "min_similarity": 0.6527655124664307
    },
    {
      "top_k": 5,
      "num_queries": 10,
      "avg_latency_ms": 9.833955764770508,
      "p50_latency_ms": 9.253740310668945,
      "p95_latency_ms": 15.468835830688477,
      "p99_latency_ms": 15.468835830688477,
      "min_latency_ms": 8.027791976928711,
      "max_latency_ms": 15.468835830688477,
      "queries_per_second": 101.688478565506,
      "avg_similarity": 0.6663784754276275,
      "avg_top1_similarity": 0.7316955387592315,
      "min_similarity": 0.6243872761726379
    },
    {
      "top_k": 10,
      "num_queries": 10,
      "avg_latency_ms": 9.48948860168457,
      "p50_latency_ms": 9.697675704956055,
      "p95_latency_ms": 10.601997375488281,
      "p99_latency_ms": 10.601997375488281,
      "min_latency_ms": 8.359193801879883,
      "max_latency_ms": 10.601997375488281,
      "queries_per_second": 105.37975669442085,
      "avg_similarity": 0.6292959743738173,
      "avg_top1_similarity": 0.7316955387592315,
      "min_similarity": 0.573929762840271
    },
    {
      "top_k": 20,
      "num_queries": 10,
      "avg_latency_ms": 9.893012046813965,
      "p50_latency_ms": 9.795188903808594,
      "p95_latency_ms": 11.814117431640625,
      "p99_latency_ms": 11.814117431640625,
      "min_latency_ms": 8.723020553588867,
      "max_latency_ms": 11.814117431640625,
      "queries_per_second": 101.08144974128977,
      "avg_similarity": 0.5740239518880844,
      "avg_top1_similarity": 0.7316955387592315,
      "min_similarity": 0.49384820461273193
    }
  ]
}